<?xml version="1.0"?>
<CourseDetails xmlns:xsi="http://www.w3.org/2001/XMLSchema-instance" xsi:schemaLocation="coursedetails.xsd">
    <Course CourseId="1">
        <Course_name>Servlet</Course_name>
        <Location>Pune</Location>
        <LabNo>F101</LabNo>
        <FacultyId>101</FacultyId>
        <startDate>2016-04-12</startDate>
        <endDate>2016-04-14</endDate>
    </Course>
	<Course CourseId="2">
        <Course_name>JSP 2.2</Course_name>
        <Location>Pune</Location>
        <LabNo>F102</LabNo>
        <FacultyId>103</FacultyId>
        <startDate>2016-10-05</startDate>
        <endDate>2016-10-08</endDate>
    </Course>
	<Course CourseId="3">
        <Course_name>Windows Programming</Course_name>
        <Location>Mumbai</Location>
        <LabNo>G103</LabNo>
        <FacultyId>103</FacultyId>
        <startDate>2016-05-02</startDate>
        <endDate>2016-05-08</endDate>
    </Course>
	<Course CourseId="4">
        <Course_name>OOP and UML</Course_name>
        <Location>Mumbai</Location>
        <LabNo>G101</LabNo>
        <FacultyId>104</FacultyId>
        <startDate>2016-01-03</startDate>
        <endDate>2016-01-04</endDate>
    </Course>
	<Course CourseId="5">
        <Course_name>HTML 5</Course_name>
        <Location>Bangalore</Location>
        <LabNo>G101</LabNo>
        <FacultyId>104</FacultyId>
        <startDate>2016-11-09</startDate>
        <endDate>2016-11-12</endDate>
    </Course>
	<Course CourseId="6">
        <Course_name>Windows Presentation</Course_name>
        <Location>Bangalore</Location>
        <LabNo>G101</LabNo>
        <FacultyId>104</FacultyId>
        <startDate>2016-07-16</startDate>
        <endDate>2016-07-22</endDate>
    </Course>
</CourseDetails>